PRAGMA foreign_keys=OFF;
BEGIN TRANSACTION;
CREATE TABLE "django_migrations" ("id" integer NOT NULL PRIMARY KEY AUTOINCREMENT, "app" varchar(255) NOT NULL, "name" varchar(255) NOT NULL, "applied" datetime NOT NULL);
INSERT INTO "django_migrations" VALUES(1,'contenttypes','0001_initial','2015-12-17 11:45:19.986749');
INSERT INTO "django_migrations" VALUES(2,'auth','0001_initial','2015-12-17 11:45:20.077345');
INSERT INTO "django_migrations" VALUES(3,'admin','0001_initial','2015-12-17 11:45:20.142752');
INSERT INTO "django_migrations" VALUES(4,'admin','0002_logentry_remove_auto_add','2015-12-17 11:45:20.208512');
INSERT INTO "django_migrations" VALUES(5,'api','0001_initial','2015-12-17 11:45:20.319118');
INSERT INTO "django_migrations" VALUES(6,'api','0002_auto_20151217_0415','2015-12-17 11:45:20.421286');
INSERT INTO "django_migrations" VALUES(7,'contenttypes','0002_remove_content_type_name','2015-12-17 11:45:20.509047');
INSERT INTO "django_migrations" VALUES(8,'auth','0002_alter_permission_name_max_length','2015-12-17 11:45:20.570555');
INSERT INTO "django_migrations" VALUES(9,'auth','0003_alter_user_email_max_length','2015-12-17 11:45:20.655907');
INSERT INTO "django_migrations" VALUES(10,'auth','0004_alter_user_username_opts','2015-12-17 11:45:20.723626');
INSERT INTO "django_migrations" VALUES(11,'auth','0005_alter_user_last_login_null','2015-12-17 11:45:20.793721');
INSERT INTO "django_migrations" VALUES(12,'auth','0006_require_contenttypes_0002','2015-12-17 11:45:20.813452');
INSERT INTO "django_migrations" VALUES(13,'auth','0007_alter_validators_add_error_messages','2015-12-17 11:45:20.881067');
INSERT INTO "django_migrations" VALUES(14,'sessions','0001_initial','2015-12-17 11:45:20.933043');
INSERT INTO "django_migrations" VALUES(15,'api','0003_auto_20151217_1154','2015-12-17 11:54:52.648731');
INSERT INTO "django_migrations" VALUES(16,'api','0004_auto_20151218_0415','2015-12-18 04:23:47.061474');
INSERT INTO "django_migrations" VALUES(17,'api','0005_auto_20151218_0415','2015-12-18 04:23:47.124661');
INSERT INTO "django_migrations" VALUES(18,'api','0006_auto_20151218_0421','2015-12-18 04:23:47.195266');
INSERT INTO "django_migrations" VALUES(19,'api','0007_auto_20151218_0430','2015-12-18 04:31:53.095097');
INSERT INTO "django_migrations" VALUES(20,'api','0008_gameinfo_announcement','2016-01-18 05:07:09.839499');
INSERT INTO "django_migrations" VALUES(21,'api','0009_auto_20160119_1257','2016-01-19 12:57:22.518402');
CREATE TABLE "auth_group" ("id" integer NOT NULL PRIMARY KEY AUTOINCREMENT, "name" varchar(80) NOT NULL UNIQUE);
CREATE TABLE "auth_group_permissions" ("id" integer NOT NULL PRIMARY KEY AUTOINCREMENT, "group_id" integer NOT NULL REFERENCES "auth_group" ("id"), "permission_id" integer NOT NULL REFERENCES "auth_permission" ("id"));
CREATE TABLE "auth_user_groups" ("id" integer NOT NULL PRIMARY KEY AUTOINCREMENT, "user_id" integer NOT NULL REFERENCES "auth_user" ("id"), "group_id" integer NOT NULL REFERENCES "auth_group" ("id"));
CREATE TABLE "auth_user_user_permissions" ("id" integer NOT NULL PRIMARY KEY AUTOINCREMENT, "user_id" integer NOT NULL REFERENCES "auth_user" ("id"), "permission_id" integer NOT NULL REFERENCES "auth_permission" ("id"));
INSERT INTO "auth_user_user_permissions" VALUES(1,2,32);
INSERT INTO "auth_user_user_permissions" VALUES(2,2,33);
INSERT INTO "auth_user_user_permissions" VALUES(3,2,19);
INSERT INTO "auth_user_user_permissions" VALUES(4,2,20);
INSERT INTO "auth_user_user_permissions" VALUES(5,2,21);
INSERT INTO "auth_user_user_permissions" VALUES(6,2,22);
INSERT INTO "auth_user_user_permissions" VALUES(7,2,23);
INSERT INTO "auth_user_user_permissions" VALUES(8,2,24);
INSERT INTO "auth_user_user_permissions" VALUES(9,2,25);
INSERT INTO "auth_user_user_permissions" VALUES(10,2,26);
INSERT INTO "auth_user_user_permissions" VALUES(11,2,27);
INSERT INTO "auth_user_user_permissions" VALUES(12,2,28);
INSERT INTO "auth_user_user_permissions" VALUES(13,2,29);
INSERT INTO "auth_user_user_permissions" VALUES(14,2,30);
INSERT INTO "auth_user_user_permissions" VALUES(15,2,31);
CREATE TABLE "django_admin_log" ("id" integer NOT NULL PRIMARY KEY AUTOINCREMENT, "object_id" text NULL, "object_repr" varchar(200) NOT NULL, "action_flag" smallint unsigned NOT NULL, "change_message" text NOT NULL, "content_type_id" integer NULL REFERENCES "django_content_type" ("id"), "user_id" integer NOT NULL REFERENCES "auth_user" ("id"), "action_time" datetime NOT NULL);
INSERT INTO "django_admin_log" VALUES(1,'2','opadmin',1,'Added.',4,1,'2016-01-29 06:30:54.476952');
INSERT INTO "django_admin_log" VALUES(2,'2','opadmin',2,'Changed last_login.',4,1,'2016-01-29 06:31:16.037985');
INSERT INTO "django_admin_log" VALUES(3,'2','opadmin',2,'Changed user_permissions.',4,1,'2016-01-29 06:33:19.448639');
CREATE TABLE "api_channelinfo" ("id" integer NOT NULL PRIMARY KEY AUTOINCREMENT, "name" varchar(50) NOT NULL);
INSERT INTO "api_channelinfo" VALUES(1,'9you');
CREATE TABLE "api_sdkinfo" ("id" integer NOT NULL PRIMARY KEY AUTOINCREMENT, "name" varchar(50) NOT NULL);
INSERT INTO "api_sdkinfo" VALUES(1,'testsdk');
CREATE TABLE "django_content_type" ("id" integer NOT NULL PRIMARY KEY AUTOINCREMENT, "app_label" varchar(100) NOT NULL, "model" varchar(100) NOT NULL);
INSERT INTO "django_content_type" VALUES(1,'admin','logentry');
INSERT INTO "django_content_type" VALUES(2,'auth','permission');
INSERT INTO "django_content_type" VALUES(3,'auth','group');
INSERT INTO "django_content_type" VALUES(4,'auth','user');
INSERT INTO "django_content_type" VALUES(5,'contenttypes','contenttype');
INSERT INTO "django_content_type" VALUES(6,'sessions','session');
INSERT INTO "django_content_type" VALUES(7,'api','gameinfo');
INSERT INTO "django_content_type" VALUES(8,'api','serverinfo');
INSERT INTO "django_content_type" VALUES(9,'api','channelinfo');
INSERT INTO "django_content_type" VALUES(10,'api','sdkinfo');
INSERT INTO "django_content_type" VALUES(11,'api','appconfig');
CREATE TABLE "auth_permission" ("id" integer NOT NULL PRIMARY KEY AUTOINCREMENT, "content_type_id" integer NOT NULL REFERENCES "django_content_type" ("id"), "codename" varchar(100) NOT NULL, "name" varchar(255) NOT NULL);
INSERT INTO "auth_permission" VALUES(1,1,'add_logentry','Can add log entry');
INSERT INTO "auth_permission" VALUES(2,1,'change_logentry','Can change log entry');
INSERT INTO "auth_permission" VALUES(3,1,'delete_logentry','Can delete log entry');
INSERT INTO "auth_permission" VALUES(4,2,'add_permission','Can add permission');
INSERT INTO "auth_permission" VALUES(5,2,'change_permission','Can change permission');
INSERT INTO "auth_permission" VALUES(6,2,'delete_permission','Can delete permission');
INSERT INTO "auth_permission" VALUES(7,3,'add_group','Can add group');
INSERT INTO "auth_permission" VALUES(8,3,'change_group','Can change group');
INSERT INTO "auth_permission" VALUES(9,3,'delete_group','Can delete group');
INSERT INTO "auth_permission" VALUES(10,4,'add_user','Can add user');
INSERT INTO "auth_permission" VALUES(11,4,'change_user','Can change user');
INSERT INTO "auth_permission" VALUES(12,4,'delete_user','Can delete user');
INSERT INTO "auth_permission" VALUES(13,5,'add_contenttype','Can add content type');
INSERT INTO "auth_permission" VALUES(14,5,'change_contenttype','Can change content type');
INSERT INTO "auth_permission" VALUES(15,5,'delete_contenttype','Can delete content type');
INSERT INTO "auth_permission" VALUES(16,6,'add_session','Can add session');
INSERT INTO "auth_permission" VALUES(17,6,'change_session','Can change session');
INSERT INTO "auth_permission" VALUES(18,6,'delete_session','Can delete session');
INSERT INTO "auth_permission" VALUES(19,7,'add_gameinfo','Can add game info');
INSERT INTO "auth_permission" VALUES(20,7,'change_gameinfo','Can change game info');
INSERT INTO "auth_permission" VALUES(21,7,'delete_gameinfo','Can delete game info');
INSERT INTO "auth_permission" VALUES(22,8,'add_serverinfo','Can add server info');
INSERT INTO "auth_permission" VALUES(23,8,'change_serverinfo','Can change server info');
INSERT INTO "auth_permission" VALUES(24,8,'delete_serverinfo','Can delete server info');
INSERT INTO "auth_permission" VALUES(25,9,'add_channelinfo','Can add channel info');
INSERT INTO "auth_permission" VALUES(26,9,'change_channelinfo','Can change channel info');
INSERT INTO "auth_permission" VALUES(27,9,'delete_channelinfo','Can delete channel info');
INSERT INTO "auth_permission" VALUES(28,10,'add_sdkinfo','Can add sdk info');
INSERT INTO "auth_permission" VALUES(29,10,'change_sdkinfo','Can change sdk info');
INSERT INTO "auth_permission" VALUES(30,10,'delete_sdkinfo','Can delete sdk info');
INSERT INTO "auth_permission" VALUES(31,11,'add_appconfig','Can add app config');
INSERT INTO "auth_permission" VALUES(32,11,'change_appconfig','Can change app config');
INSERT INTO "auth_permission" VALUES(33,11,'delete_appconfig','Can delete app config');
CREATE TABLE "auth_user" ("id" integer NOT NULL PRIMARY KEY AUTOINCREMENT, "password" varchar(128) NOT NULL, "last_login" datetime NULL, "is_superuser" bool NOT NULL, "first_name" varchar(30) NOT NULL, "last_name" varchar(30) NOT NULL, "email" varchar(254) NOT NULL, "is_staff" bool NOT NULL, "is_active" bool NOT NULL, "date_joined" datetime NOT NULL, "username" varchar(30) NOT NULL UNIQUE);
INSERT INTO "auth_user" VALUES(1,'pbkdf2_sha256$24000$vHBnoa32OSfF$2nEGnpOH6CgU63t/Ml3aXRehXhwjYEEfUYpIb25JsDE=','2016-03-30 12:10:17.143308',1,'','','amorwilliams@hotmail.com',1,1,'2015-12-17 11:58:12.560893','admin');
INSERT INTO "auth_user" VALUES(2,'pbkdf2_sha256$24000$nyD4cHS3ayAz$GZWA5RmySdyoaXk9cSB+AWMj4gwQUJ7+NOA+fDgMQT4=','2016-01-29 06:35:46.919730',0,'','','',0,1,'2016-01-29 06:30:54','opadmin');
CREATE TABLE "django_session" ("session_key" varchar(40) NOT NULL PRIMARY KEY, "session_data" text NOT NULL, "expire_date" datetime NOT NULL);
INSERT INTO "django_session" VALUES('3ky5dwgahrdfji29mocfaio1rp0x6y1e','NTY1OGJhOGI1NTAwNTZhMDdhYzQ5NWMyNTQ0NzcyMjJjOTI5N2Q3NTp7Il9hdXRoX3VzZXJfaGFzaCI6IjVlZWExMzkwNjJiODdmZDY3NWFiZDA0YmY0YmUwMWQ0ZTA0M2ExNGIiLCJfYXV0aF91c2VyX2JhY2tlbmQiOiJkamFuZ28uY29udHJpYi5hdXRoLmJhY2tlbmRzLk1vZGVsQmFja2VuZCIsIl9hdXRoX3VzZXJfaWQiOiIxIn0=','2015-12-31 11:58:55.012958');
INSERT INTO "django_session" VALUES('vsw83exttlkbxktwg46fwkupkym86q6v','NTY1OGJhOGI1NTAwNTZhMDdhYzQ5NWMyNTQ0NzcyMjJjOTI5N2Q3NTp7Il9hdXRoX3VzZXJfaGFzaCI6IjVlZWExMzkwNjJiODdmZDY3NWFiZDA0YmY0YmUwMWQ0ZTA0M2ExNGIiLCJfYXV0aF91c2VyX2JhY2tlbmQiOiJkamFuZ28uY29udHJpYi5hdXRoLmJhY2tlbmRzLk1vZGVsQmFja2VuZCIsIl9hdXRoX3VzZXJfaWQiOiIxIn0=','2016-01-01 05:12:31.385492');
INSERT INTO "django_session" VALUES('6zs2ldu3sw97otrz960q5ly8hsk4wy0j','NTY1OGJhOGI1NTAwNTZhMDdhYzQ5NWMyNTQ0NzcyMjJjOTI5N2Q3NTp7Il9hdXRoX3VzZXJfaGFzaCI6IjVlZWExMzkwNjJiODdmZDY3NWFiZDA0YmY0YmUwMWQ0ZTA0M2ExNGIiLCJfYXV0aF91c2VyX2JhY2tlbmQiOiJkamFuZ28uY29udHJpYi5hdXRoLmJhY2tlbmRzLk1vZGVsQmFja2VuZCIsIl9hdXRoX3VzZXJfaWQiOiIxIn0=','2016-01-01 14:42:59.825522');
INSERT INTO "django_session" VALUES('e6zuv63q94c4htmj2zhtlcnbst7omzs2','NTY1OGJhOGI1NTAwNTZhMDdhYzQ5NWMyNTQ0NzcyMjJjOTI5N2Q3NTp7Il9hdXRoX3VzZXJfaGFzaCI6IjVlZWExMzkwNjJiODdmZDY3NWFiZDA0YmY0YmUwMWQ0ZTA0M2ExNGIiLCJfYXV0aF91c2VyX2JhY2tlbmQiOiJkamFuZ28uY29udHJpYi5hdXRoLmJhY2tlbmRzLk1vZGVsQmFja2VuZCIsIl9hdXRoX3VzZXJfaWQiOiIxIn0=','2016-01-21 13:09:25.532393');
INSERT INTO "django_session" VALUES('nprmtj45mho2ayi65cimkr3405r2omag','NTY1OGJhOGI1NTAwNTZhMDdhYzQ5NWMyNTQ0NzcyMjJjOTI5N2Q3NTp7Il9hdXRoX3VzZXJfaGFzaCI6IjVlZWExMzkwNjJiODdmZDY3NWFiZDA0YmY0YmUwMWQ0ZTA0M2ExNGIiLCJfYXV0aF91c2VyX2JhY2tlbmQiOiJkamFuZ28uY29udHJpYi5hdXRoLmJhY2tlbmRzLk1vZGVsQmFja2VuZCIsIl9hdXRoX3VzZXJfaWQiOiIxIn0=','2016-01-25 04:00:07.786426');
INSERT INTO "django_session" VALUES('l7ft2lvxnwuov4784d3v0hga98hz7b5t','NTY1OGJhOGI1NTAwNTZhMDdhYzQ5NWMyNTQ0NzcyMjJjOTI5N2Q3NTp7Il9hdXRoX3VzZXJfaGFzaCI6IjVlZWExMzkwNjJiODdmZDY3NWFiZDA0YmY0YmUwMWQ0ZTA0M2ExNGIiLCJfYXV0aF91c2VyX2JhY2tlbmQiOiJkamFuZ28uY29udHJpYi5hdXRoLmJhY2tlbmRzLk1vZGVsQmFja2VuZCIsIl9hdXRoX3VzZXJfaWQiOiIxIn0=','2016-02-01 05:08:14.223741');
INSERT INTO "django_session" VALUES('g90g30aky3hv5dufdr04yrizf3rr8tbh','NjdhZmMyMjQ3ZTFlOTI1MDY2ZjkzY2QxMmJlNjZlMjE3YWZjNWZmYTp7Il9hdXRoX3VzZXJfaGFzaCI6ImI0OTYyMzY4NGI3Mzk0MGJjOTA3NmVmZWY5YWFlMDU0MTUxMTRjYTIiLCJfYXV0aF91c2VyX2JhY2tlbmQiOiJkamFuZ28uY29udHJpYi5hdXRoLmJhY2tlbmRzLk1vZGVsQmFja2VuZCIsIl9hdXRoX3VzZXJfaWQiOiIyIn0=','2016-02-12 06:33:30.802478');
INSERT INTO "django_session" VALUES('h2znaithfqf3otmn33j1s7gfeg85l6y4','NjdhZmMyMjQ3ZTFlOTI1MDY2ZjkzY2QxMmJlNjZlMjE3YWZjNWZmYTp7Il9hdXRoX3VzZXJfaGFzaCI6ImI0OTYyMzY4NGI3Mzk0MGJjOTA3NmVmZWY5YWFlMDU0MTUxMTRjYTIiLCJfYXV0aF91c2VyX2JhY2tlbmQiOiJkamFuZ28uY29udHJpYi5hdXRoLmJhY2tlbmRzLk1vZGVsQmFja2VuZCIsIl9hdXRoX3VzZXJfaWQiOiIyIn0=','2016-02-12 06:35:46.946728');
INSERT INTO "django_session" VALUES('wwtvy11dsg09j71tmenjxj3trmti0m6h','NTY1OGJhOGI1NTAwNTZhMDdhYzQ5NWMyNTQ0NzcyMjJjOTI5N2Q3NTp7Il9hdXRoX3VzZXJfaGFzaCI6IjVlZWExMzkwNjJiODdmZDY3NWFiZDA0YmY0YmUwMWQ0ZTA0M2ExNGIiLCJfYXV0aF91c2VyX2JhY2tlbmQiOiJkamFuZ28uY29udHJpYi5hdXRoLmJhY2tlbmRzLk1vZGVsQmFja2VuZCIsIl9hdXRoX3VzZXJfaWQiOiIxIn0=','2016-04-13 09:53:20.182065');
INSERT INTO "django_session" VALUES('8uz7gu76zznvl9719f11r9zov1jmtxx3','NTY1OGJhOGI1NTAwNTZhMDdhYzQ5NWMyNTQ0NzcyMjJjOTI5N2Q3NTp7Il9hdXRoX3VzZXJfaGFzaCI6IjVlZWExMzkwNjJiODdmZDY3NWFiZDA0YmY0YmUwMWQ0ZTA0M2ExNGIiLCJfYXV0aF91c2VyX2JhY2tlbmQiOiJkamFuZ28uY29udHJpYi5hdXRoLmJhY2tlbmRzLk1vZGVsQmFja2VuZCIsIl9hdXRoX3VzZXJfaWQiOiIxIn0=','2016-04-13 09:53:33.416353');
INSERT INTO "django_session" VALUES('3znc0y5ccfxbeokac8p57rvrnqnd3jp7','NTY1OGJhOGI1NTAwNTZhMDdhYzQ5NWMyNTQ0NzcyMjJjOTI5N2Q3NTp7Il9hdXRoX3VzZXJfaGFzaCI6IjVlZWExMzkwNjJiODdmZDY3NWFiZDA0YmY0YmUwMWQ0ZTA0M2ExNGIiLCJfYXV0aF91c2VyX2JhY2tlbmQiOiJkamFuZ28uY29udHJpYi5hdXRoLmJhY2tlbmRzLk1vZGVsQmFja2VuZCIsIl9hdXRoX3VzZXJfaWQiOiIxIn0=','2016-04-13 12:10:17.168500');
CREATE TABLE "api_appconfig" ("id" integer NOT NULL PRIMARY KEY AUTOINCREMENT, "pkg_id" char(32) NOT NULL UNIQUE, "channel_id" integer NOT NULL REFERENCES "api_channelinfo" ("id"), "game_id" integer NOT NULL REFERENCES "api_gameinfo" ("id"), "name" varchar(50) NOT NULL, "sdk_id" integer NOT NULL REFERENCES "api_sdkinfo" ("id"));
INSERT INTO "api_appconfig" VALUES(1,'b695bd3ef900495fb5225e93d9cc3aee',1,1,'Simona',1);
CREATE TABLE "api_gameinfo" ("id" integer NOT NULL PRIMARY KEY AUTOINCREMENT, "created" datetime NOT NULL, "name" varchar(50) NOT NULL UNIQUE, "version" varchar(50) NOT NULL, "announcement" text NOT NULL, "activity_pic1" varchar(100) NOT NULL, "activity_pic2" varchar(100) NOT NULL, "activity_pic3" varchar(100) NOT NULL);
INSERT INTO "api_gameinfo" VALUES(1,'2015-12-17 11:59:30.992133','Simona','1.0.0','<size=30>亲爱的冒险家：</size>

<indent=4>动作星战手游《风暴机甲》封测开启，钻石壕礼，天天狂
<indent=0>送,畅玩七天！

<indent=4>封测期间欢迎您加入《风暴机甲》<color=#cc3300>官方Q群:364949503</color>，提
<indent=0>供您的改进观点、游戏意见，作为回报，所有封测期间进群的用户，我们都会发放入群礼包，快加入征服宇宙大军中吧！

<indent=4>郑重提醒：请您不要相信游戏中发布的虚假中奖信息、充值
<indent=0>信息，一切活动咨询均以登录公告为准！请您不要向任何人透漏您的游戏账号及密码，务必不要登录不法分子提供额第三方官方平台，谨防上当受骗。
<indent=35><size=30>风暴机甲运营团队</size>','img/an_laizhaocha.png','','');
CREATE TABLE "api_serverinfo" ("id" integer NOT NULL PRIMARY KEY AUTOINCREMENT, "name" varchar(50) NOT NULL, "ip" char(39) NOT NULL, "port" integer NOT NULL, "game_id_id" integer NOT NULL REFERENCES "api_gameinfo" ("id"), "isnew" bool NOT NULL, "index" integer NOT NULL, "timeout" integer NOT NULL, "status" integer NOT NULL);
INSERT INTO "api_serverinfo" VALUES(1,'本地测试','127.0.0.1',9556,1,0,11,10,2);
INSERT INTO "api_serverinfo" VALUES(2,'寻宝密境','121.40.213.173',9556,1,1,2,10,1);
INSERT INTO "api_serverinfo" VALUES(3,'测试服(内)','192.168.1.210',9556,1,1,5,10,1);
INSERT INTO "api_serverinfo" VALUES(4,'测试服(robin)','192.168.1.26',9556,1,1,10,10,1);
INSERT INTO "api_serverinfo" VALUES(5,'海天盛筵','121.40.223.125',9556,1,1,3,10,0);
INSERT INTO "api_serverinfo" VALUES(6,'天空之城','121.40.213.173',9566,1,1,1,10,3);
DELETE FROM sqlite_sequence;
INSERT INTO "sqlite_sequence" VALUES('django_migrations',21);
INSERT INTO "sqlite_sequence" VALUES('django_admin_log',3);
INSERT INTO "sqlite_sequence" VALUES('django_content_type',11);
INSERT INTO "sqlite_sequence" VALUES('auth_permission',33);
INSERT INTO "sqlite_sequence" VALUES('auth_user',2);
INSERT INTO "sqlite_sequence" VALUES('api_appconfig',1);
INSERT INTO "sqlite_sequence" VALUES('api_channelinfo',1);
INSERT INTO "sqlite_sequence" VALUES('api_sdkinfo',1);
INSERT INTO "sqlite_sequence" VALUES('api_gameinfo',1);
INSERT INTO "sqlite_sequence" VALUES('api_serverinfo',7);
INSERT INTO "sqlite_sequence" VALUES('auth_user_user_permissions',15);
CREATE UNIQUE INDEX "auth_group_permissions_group_id_0cd325b0_uniq" ON "auth_group_permissions" ("group_id", "permission_id");
CREATE INDEX "auth_group_permissions_0e939a4f" ON "auth_group_permissions" ("group_id");
CREATE INDEX "auth_group_permissions_8373b171" ON "auth_group_permissions" ("permission_id");
CREATE UNIQUE INDEX "auth_user_groups_user_id_94350c0c_uniq" ON "auth_user_groups" ("user_id", "group_id");
CREATE INDEX "auth_user_groups_e8701ad4" ON "auth_user_groups" ("user_id");
CREATE INDEX "auth_user_groups_0e939a4f" ON "auth_user_groups" ("group_id");
CREATE UNIQUE INDEX "auth_user_user_permissions_user_id_14a6b632_uniq" ON "auth_user_user_permissions" ("user_id", "permission_id");
CREATE INDEX "auth_user_user_permissions_e8701ad4" ON "auth_user_user_permissions" ("user_id");
CREATE INDEX "auth_user_user_permissions_8373b171" ON "auth_user_user_permissions" ("permission_id");
CREATE INDEX "django_admin_log_417f1b1c" ON "django_admin_log" ("content_type_id");
CREATE INDEX "django_admin_log_e8701ad4" ON "django_admin_log" ("user_id");
CREATE UNIQUE INDEX "django_content_type_app_label_76bd3d3b_uniq" ON "django_content_type" ("app_label", "model");
CREATE UNIQUE INDEX "auth_permission_content_type_id_01ab375a_uniq" ON "auth_permission" ("content_type_id", "codename");
CREATE INDEX "auth_permission_417f1b1c" ON "auth_permission" ("content_type_id");
CREATE INDEX "django_session_de54fa62" ON "django_session" ("expire_date");
CREATE INDEX "api_appconfig_72eb6c85" ON "api_appconfig" ("channel_id");
CREATE INDEX "api_appconfig_6072f8b3" ON "api_appconfig" ("game_id");
CREATE INDEX "api_appconfig_16a65913" ON "api_appconfig" ("sdk_id");
CREATE INDEX "api_serverinfo_e2c008e6" ON "api_serverinfo" ("game_id_id");
COMMIT;
